,맥주,년,평점
0,7Bräu Gompyo Wheatbeer, 2022,3.2
1,7Bräu Korea Pale Ale, 2015,3.15
2,7Bräu Korea Pale Ale, 2016,3.1142857142857143
3,7Bräu Korea Pale Ale, 2017,2.8
4,7Bräu Korea Pale Ale, 2021,3.4
5,7Bräu Korea Pale Ale, 2022,3.7
6,ARK Be High IPA, 2015,3.7285714285714286
7,ARK Be High IPA, 2016,3.228571428571428
8,ARK Be High IPA, 2017,3.5200000000000005
9,ARK Be High IPA, 2018,3.55
10,ARK Be High IPA, 2019,3.1
11,ARK Black Swan, 2016,3.314285714285714
12,ARK Black Swan, 2017,3.625
13,ARK Black Swan, 2018,3.25
14,ARK Brown, 2017,3.2
15,ARK Brown, 2018,2.5
16,ARK Classic, 2017,3.7000000000000006
17,ARK Classic, 2018,3.4
18,ARK Cony, 2017,3.45
19,ARK Cosmic Dancer, 2015,3.3000000000000003
20,ARK Cosmic Dancer, 2016,3.46
21,ARK Cosmic Dancer, 2017,3.8666666666666667
22,ARK Cosmic Dancer, 2018,3.15
23,ARK Hug Me, 2015,3.5
24,ARK Hug Me, 2016,2.8166666666666664
25,ARK Hug Me, 2017,3.283333333333333
26,ARK Hug Me, 2018,2.575
27,ARK Hug Me, 2019,3.1
28,ARK Hug Me, 2021,3.4
29,ARK Seoulite Ale, 2018,2.8833333333333333
30,ARK Seoulite Ale, 2019,3.05
31,ARK Seoulite Ale, 2020,3.35
32,ARK Yeosu Night Ale, 2021,3.4
33,ARK Yeosu Night Ale, 2022,3.3
34,Amazing First Love, 2017,3.65
35,Amazing First Love, 2018,4.3
36,Amazing First Love, 2019,3.45
37,Amazing First Love, 2020,3.95
38,Amazing Shocking Stout, 2016,3.725
39,Amazing Shocking Stout, 2017,3.975
40,Amazing Shocking Stout, 2018,3.7999999999999994
41,Amazing Shocking Stout, 2019,3.7
42,Amazing Shocking Stout, 2020,3.6
43,Apple Fox, 2018,2.75
44,Apple Fox, 2019,2.25
45,Apple Fox, 2021,2.5
46,Asahi Super Dry, 2010,2.0742857142857143
47,Asahi Super Dry, 2011,2.2284403669724773
48,Asahi Super Dry, 2012,2.125714285714286
49,Asahi Super Dry, 2013,2.226506024096386
50,Asahi Super Dry, 2014,2.2201183431952662
51,Asahi Super Dry, 2015,2.12109375
52,Asahi Super Dry, 2016,2.2153846153846155
53,Asahi Super Dry, 2017,2.3625
54,Asahi Super Dry, 2018,2.5887323943661973
55,Asahi Super Dry, 2019,2.4285714285714284
56,Asahi Super Dry, 2020,2.3444444444444446
57,Asahi Super Dry, 2021,2.463636363636364
58,Asahi Super Dry, 2022,2.405555555555556
59,Asahi Super Dry Black, 2012,2.4615384615384617
60,Asahi Super Dry Black, 2013,2.375
61,Asahi Super Dry Black, 2014,2.675
62,Asahi Super Dry Black, 2015,2.5
63,Asahi Super Dry Black, 2016,2.82
64,Asahi Super Dry Black, 2017,2.7181818181818183
65,Asahi Super Dry Black, 2018,2.6999999999999997
66,Asahi Super Dry Black, 2019,2.8666666666666667
67,Asahi Super Dry Black, 2020,2.96
68,Asahi Super Dry Black, 2022,2.766666666666667
69,Ballast Point Sculpin IPA, 2005,3.766666666666667
70,Ballast Point Sculpin IPA, 2006,3.707692307692308
71,Ballast Point Sculpin IPA, 2007,4.013333333333334
72,Ballast Point Sculpin IPA, 2008,3.9989247311827953
73,Ballast Point Sculpin IPA, 2009,4.112087912087912
74,Ballast Point Sculpin IPA, 2010,4.118552036199095
75,Ballast Point Sculpin IPA, 2011,4.018229166666667
76,Ballast Point Sculpin IPA, 2012,4.0969999999999995
77,Ballast Point Sculpin IPA, 2013,4.023647294589178
78,Ballast Point Sculpin IPA, 2014,4.050366748166259
79,Ballast Point Sculpin IPA, 2015,3.9868020304568526
80,Ballast Point Sculpin IPA, 2016,3.984878048780488
81,Ballast Point Sculpin IPA, 2017,3.845689655172414
82,Ballast Point Sculpin IPA, 2018,3.861904761904762
83,Ballast Point Sculpin IPA, 2019,3.9720930232558143
84,Ballast Point Sculpin IPA, 2020,3.972727272727272
85,Ballast Point Sculpin IPA, 2021,3.933333333333333
86,Ballast Point Sculpin IPA, 2022,3.7
87,Beck's, 2000,2.9181818181818184
88,Beck's, 2001,2.5808219178082195
89,Beck's, 2002,2.5262910798122067
90,Beck's, 2003,2.4061643835616437
91,Beck's, 2004,2.3889655172413793
92,Beck's, 2005,2.4181818181818184
93,Beck's, 2006,2.357638888888889
94,Beck's, 2007,2.393081761006289
95,Beck's, 2008,2.3273809523809526
96,Beck's, 2009,2.21
97,Beck's, 2010,2.2198019801980196
98,Beck's, 2011,2.353153153153153
99,Beck's, 2012,2.340268456375839
100,Beck's, 2013,2.343661971830986
101,Beck's, 2014,2.1627906976744184
102,Beck's, 2015,2.3008620689655173
103,Beck's, 2016,2.291954022988506
104,Beck's, 2017,2.2164556962025315
105,Beck's, 2018,2.475
106,Beck's, 2019,2.414285714285714
107,Beck's, 2020,2.323529411764706
108,Beck's, 2021,2.223076923076923
109,Beck's, 2022,2.6
110,Berliner Kindl Jubiläums Pilsener Premium, 2001,1.4666666666666668
111,Berliner Kindl Jubiläums Pilsener Premium, 2002,1.85
112,Berliner Kindl Jubiläums Pilsener Premium, 2003,3.0833333333333335
113,Berliner Kindl Jubiläums Pilsener Premium, 2004,2.3833333333333333
114,Berliner Kindl Jubiläums Pilsener Premium, 2005,2.4
115,Berliner Kindl Jubiläums Pilsener Premium, 2006,2.44
116,Berliner Kindl Jubiläums Pilsener Premium, 2007,2.5500000000000003
117,Berliner Kindl Jubiläums Pilsener Premium, 2008,2.40625
118,Berliner Kindl Jubiläums Pilsener Premium, 2009,2.7199999999999998
119,Berliner Kindl Jubiläums Pilsener Premium, 2010,2.6999999999999997
120,Berliner Kindl Jubiläums Pilsener Premium, 2011,2.476923076923077
121,Berliner Kindl Jubiläums Pilsener Premium, 2012,2.844
122,Berliner Kindl Jubiläums Pilsener Premium, 2013,2.36
123,Berliner Kindl Jubiläums Pilsener Premium, 2014,2.668
124,Berliner Kindl Jubiläums Pilsener Premium, 2015,2.6518518518518515
125,Berliner Kindl Jubiläums Pilsener Premium, 2016,2.576
126,Berliner Kindl Jubiläums Pilsener Premium, 2017,2.7038461538461536
127,Berliner Kindl Jubiläums Pilsener Premium, 2018,2.715
128,Berliner Kindl Jubiläums Pilsener Premium, 2019,2.7333333333333334
129,Berliner Kindl Jubiläums Pilsener Premium, 2020,2.772727272727273
130,Berliner Kindl Jubiläums Pilsener Premium, 2021,2.9416666666666664
131,Berliner Kindl Jubiläums Pilsener Premium, 2022,2.95
132,Bintang Pilsener, 2001,2.2333333333333334
133,Bintang Pilsener, 2002,1.96875
134,Bintang Pilsener, 2003,1.8722222222222225
135,Bintang Pilsener, 2004,1.8866666666666667
136,Bintang Pilsener, 2005,2.086666666666667
137,Bintang Pilsener, 2006,1.9083333333333332
138,Bintang Pilsener, 2007,1.8857142857142857
139,Bintang Pilsener, 2008,1.85625
140,Bintang Pilsener, 2009,1.935
141,Bintang Pilsener, 2010,2.081818181818182
142,Bintang Pilsener, 2011,2.1666666666666665
143,Bintang Pilsener, 2012,2.0526315789473686
144,Bintang Pilsener, 2013,2.07
145,Bintang Pilsener, 2014,1.9833333333333332
146,Bintang Pilsener, 2015,2.068
147,Bintang Pilsener, 2016,2.0250000000000004
148,Bintang Pilsener, 2017,2.057377049180328
149,Bintang Pilsener, 2018,2.0844444444444443
150,Bintang Pilsener, 2019,2.4388888888888887
151,Bintang Pilsener, 2020,1.95
152,Bintang Pilsener, 2021,2.275
153,Bintang Pilsener, 2022,2.766666666666667
154,Blue Girl (5.0%), 2002,1.4
155,Blue Girl (5.0%), 2003,1.4
156,Blue Girl (5.0%), 2004,1.0
157,Blue Girl (5.0%), 2005,0.9333333333333332
158,Blue Girl (5.0%), 2006,2.1
159,Blue Girl (5.0%), 2007,0.6
160,Blue Girl (5.0%), 2008,0.7666666666666666
161,Blue Girl (5.0%), 2009,1.02
162,Blue Girl (5.0%), 2010,1.5666666666666664
163,Blue Girl (5.0%), 2012,2.1
164,Blue Girl (5.0%), 2013,1.5571428571428572
165,Blue Girl (5.0%), 2014,1.2333333333333334
166,Blue Girl (5.0%), 2015,1.4222222222222223
167,Blue Girl (5.0%), 2016,1.58
168,Blue Girl (5.0%), 2017,1.94
169,Blue Girl (5.0%), 2018,1.7333333333333332
170,Blue Girl (5.0%), 2019,2.1500000000000004
171,Blue Girl (5.0%), 2020,2.0
172,Blue Moon Belgian White, 2000,3.111111111111111
173,Blue Moon Belgian White, 2001,3.267272727272727
174,Blue Moon Belgian White, 2002,3.1050359712230216
175,Blue Moon Belgian White, 2003,2.98046875
176,Blue Moon Belgian White, 2004,3.065142857142857
177,Blue Moon Belgian White, 2005,3.0923444976076553
178,Blue Moon Belgian White, 2006,2.9968503937007878
179,Blue Moon Belgian White, 2007,3.0022662889518412
180,Blue Moon Belgian White, 2008,3.0296178343949043
181,Blue Moon Belgian White, 2009,2.923696682464455
182,Blue Moon Belgian White, 2010,2.9811688311688314
183,Blue Moon Belgian White, 2011,2.974496644295302
184,Blue Moon Belgian White, 2012,3.00796812749004
185,Blue Moon Belgian White, 2013,3.0073929961089494
186,Blue Moon Belgian White, 2014,2.9875
187,Blue Moon Belgian White, 2015,2.848
188,Blue Moon Belgian White, 2016,2.9243697478991595
189,Blue Moon Belgian White, 2017,3.2252631578947364
190,Blue Moon Belgian White, 2018,3.0585714285714283
191,Blue Moon Belgian White, 2019,3.06
192,Blue Moon Belgian White, 2020,3.1589285714285715
193,Blue Moon Belgian White, 2021,2.9833333333333334
194,Blue Moon Belgian White, 2022,2.864705882352941
195,Bright Leaf Peeper Red IPA, 2021,3.7399999999999998
196,Bright Leaf Peeper Red IPA, 2022,3.8
197,Budweiser, 2000,1.2347826086956522
198,Budweiser, 2001,1.4881856540084388
199,Budweiser, 2002,1.3986175115207373
200,Budweiser, 2003,1.4842696629213483
201,Budweiser, 2004,1.38
202,Budweiser, 2005,1.442517006802721
203,Budweiser, 2006,1.3241610738255034
204,Budweiser, 2007,1.3340314136125655
205,Budweiser, 2008,1.4848484848484849
206,Budweiser, 2009,1.5790909090909089
207,Budweiser, 2010,1.4211678832116788
208,Budweiser, 2011,1.6202380952380953
209,Budweiser, 2012,1.5826086956521739
210,Budweiser, 2013,1.7524663677130046
211,Budweiser, 2014,1.668421052631579
212,Budweiser, 2015,1.60625
213,Budweiser, 2016,1.9196261682242992
214,Budweiser, 2017,1.9595041322314048
215,Budweiser, 2018,2.0265625
216,Budweiser, 2019,2.0784615384615384
217,Budweiser, 2020,2.079487179487179
218,Budweiser, 2021,1.9038461538461537
219,Budweiser, 2022,1.8466666666666667
220,Carlsberg Pilsner, 2000,3.0
221,Carlsberg Pilsner, 2001,2.785185185185185
222,Carlsberg Pilsner, 2002,2.454878048780488
223,Carlsberg Pilsner, 2003,2.3898734177215193
224,Carlsberg Pilsner, 2004,2.155421686746988
225,Carlsberg Pilsner, 2005,2.269090909090909
226,Carlsberg Pilsner, 2006,2.1756521739130434
227,Carlsberg Pilsner, 2007,2.264516129032258
228,Carlsberg Pilsner, 2008,2.2315436241610738
229,Carlsberg Pilsner, 2009,2.1096491228070176
230,Carlsberg Pilsner, 2010,2.2126436781609193
231,Carlsberg Pilsner, 2011,2.222340425531915
232,Carlsberg Pilsner, 2012,2.24375
233,Carlsberg Pilsner, 2013,2.265079365079365
234,Carlsberg Pilsner, 2014,2.2120879120879122
235,Carlsberg Pilsner, 2015,2.2961038961038964
236,Carlsberg Pilsner, 2016,2.3375
237,Carlsberg Pilsner, 2017,2.2533333333333334
238,Carlsberg Pilsner, 2018,2.37
239,Carlsberg Pilsner, 2019,2.2984126984126987
240,Carlsberg Pilsner, 2020,2.348148148148148
241,Carlsberg Pilsner, 2021,2.466666666666667
242,Carlsberg Pilsner, 2022,2.2333333333333334
243,Cass Fresh, 2002,1.2833333333333334
244,Cass Fresh, 2003,1.525
245,Cass Fresh, 2004,1.5625
246,Cass Fresh, 2005,1.5250000000000001
247,Cass Fresh, 2006,1.7538461538461538
248,Cass Fresh, 2007,1.575
249,Cass Fresh, 2008,1.4333333333333333
250,Cass Fresh, 2009,1.5727272727272728
251,Cass Fresh, 2010,1.3857142857142857
252,Cass Fresh, 2011,1.45
253,Cass Fresh, 2012,1.7999999999999998
254,Cass Fresh, 2013,1.8214285714285714
255,Cass Fresh, 2014,1.7791666666666668
256,Cass Fresh, 2015,1.9000000000000001
257,Cass Fresh, 2016,1.7685714285714285
258,Cass Fresh, 2017,1.8642857142857143
259,Cass Fresh, 2018,1.912
260,Cass Fresh, 2019,1.9600000000000002
261,Cass Fresh, 2020,1.9714285714285715
262,Cass Fresh, 2021,1.86
263,Cass Fresh, 2022,1.8571428571428572
264,Cass Lemon, 2008,1.7
265,Cass Lemon, 2011,1.8285714285714287
266,Cass Lemon, 2012,2.55
267,Cass Lemon, 2013,1.6
268,Cass Lemon, 2014,1.8
269,Cass Lemon, 2015,0.9
270,Cass Light, 2011,1.8499999999999999
271,Cass Light, 2012,1.5
272,Cass Light, 2013,2.1285714285714286
273,Cass Light, 2014,1.325
274,Cass Light, 2015,1.3
275,Cass Light, 2017,1.4
276,Cass Light, 2018,1.64
277,Cass Light, 2019,2.6
278,Cass Light, 2020,0.8
279,Cass Light, 2021,2.0
280,Castlemaine XXXX Gold Lager, 2000,2.2
281,Castlemaine XXXX Gold Lager, 2001,2.15
282,Castlemaine XXXX Gold Lager, 2002,2.4214285714285713
283,Castlemaine XXXX Gold Lager, 2003,1.64375
284,Castlemaine XXXX Gold Lager, 2004,1.6454545454545455
285,Castlemaine XXXX Gold Lager, 2005,1.6846153846153848
286,Castlemaine XXXX Gold Lager, 2006,1.4666666666666668
287,Castlemaine XXXX Gold Lager, 2007,1.65625
288,Castlemaine XXXX Gold Lager, 2008,2.085714285714286
289,Castlemaine XXXX Gold Lager, 2009,1.8111111111111111
290,Castlemaine XXXX Gold Lager, 2010,1.9125
291,Castlemaine XXXX Gold Lager, 2011,1.26
292,Castlemaine XXXX Gold Lager, 2012,1.5125
293,Castlemaine XXXX Gold Lager, 2013,2.390909090909091
294,Castlemaine XXXX Gold Lager, 2014,1.4933333333333332
295,Castlemaine XXXX Gold Lager, 2015,1.9
296,Castlemaine XXXX Gold Lager, 2016,2.7875
297,Castlemaine XXXX Gold Lager, 2017,2.15
298,Castlemaine XXXX Gold Lager, 2018,1.625
299,Castlemaine XXXX Gold Lager, 2019,2.98
300,Castlemaine XXXX Gold Lager, 2020,2.3400000000000003
301,Castlemaine XXXX Gold Lager, 2021,2.75
302,Castlemaine XXXX Gold Lager, 2022,2.5
303,Desperados, 2002,1.8277777777777777
304,Desperados, 2003,1.5499999999999998
305,Desperados, 2004,1.2526315789473685
306,Desperados, 2005,1.3559999999999999
307,Desperados, 2006,1.4255813953488372
308,Desperados, 2007,1.8105263157894738
309,Desperados, 2008,1.8457142857142856
310,Desperados, 2009,1.562857142857143
311,Desperados, 2010,1.9066666666666665
312,Desperados, 2011,1.875
313,Desperados, 2012,1.9482758620689655
314,Desperados, 2013,1.7840579710144926
315,Desperados, 2014,1.8030612244897959
316,Desperados, 2015,1.7494736842105263
317,Desperados, 2016,1.7351851851851852
318,Desperados, 2017,1.8703125
319,Desperados, 2018,2.107894736842105
320,Desperados, 2019,2.092307692307692
321,Desperados, 2020,1.8909090909090909
322,Desperados, 2021,2.46
323,Desperados, 2022,2.6
324,Desperados Lime, 2005,1.35
325,Desperados Lime, 2006,2.1500000000000004
326,Desperados Lime, 2007,1.1
327,Desperados Lime, 2008,1.5999999999999999
328,Desperados Lime, 2009,2.125
329,Desperados Lime, 2010,2.25
330,Desperados Lime, 2012,1.7375
331,Desperados Lime, 2013,1.7000000000000002
332,Desperados Lime, 2014,2.05
333,Desperados Lime, 2015,2.05
334,Desperados Lime, 2016,2.1
335,Desperados Lime, 2017,2.55
336,Desperados Lime, 2018,2.5
337,Desperados Lime, 2019,3.266666666666667
338,Desperados Lime, 2020,2.2875
339,Desperados Lime, 2021,2.5833333333333335
340,Desperados Lime, 2022,2.316666666666667
341,Desperados Mojito, 2017,2.42
342,Desperados Mojito, 2018,1.65
343,Desperados Mojito, 2019,2.205
344,Desperados Mojito, 2020,2.0941176470588236
345,Desperados Mojito, 2021,2.1923076923076925
346,Desperados Mojito, 2022,1.2
347,Desperados Red, 2008,1.2
348,Desperados Red, 2009,1.7111111111111112
349,Desperados Red, 2010,2.1
350,Desperados Red, 2011,1.3666666666666665
351,Desperados Red, 2012,1.7869565217391306
352,Desperados Red, 2013,1.78
353,Desperados Red, 2014,1.4310344827586208
354,Desperados Red, 2015,2.161111111111111
355,Desperados Red, 2016,1.7285714285714284
356,Desperados Red, 2017,1.6647058823529413
357,Desperados Red, 2018,1.9
358,Desperados Red, 2019,2.257142857142857
359,Desperados Red, 2020,1.8833333333333335
360,Desperados Red, 2021,2.3499999999999996
361,Edelweiss Cherry & Lavender, 2022,2.2
362,Edelweiss Weissbier Snowfresh, 2007,3.468965517241379
363,Edelweiss Weissbier Snowfresh, 2008,3.3328125
364,Edelweiss Weissbier Snowfresh, 2009,3.129090909090909
365,Edelweiss Weissbier Snowfresh, 2010,3.2633333333333336
366,Edelweiss Weissbier Snowfresh, 2011,3.182608695652174
367,Edelweiss Weissbier Snowfresh, 2012,3.182352941176471
368,Edelweiss Weissbier Snowfresh, 2013,3.3125
369,Edelweiss Weissbier Snowfresh, 2014,3.345833333333333
370,Edelweiss Weissbier Snowfresh, 2015,3.1291666666666664
371,Edelweiss Weissbier Snowfresh, 2016,3.4166666666666665
372,Edelweiss Weissbier Snowfresh, 2017,3.227272727272727
373,Edelweiss Weissbier Snowfresh, 2018,3.3299999999999996
374,Edelweiss Weissbier Snowfresh, 2019,3.257142857142857
375,Edelweiss Weissbier Snowfresh, 2020,2.5999999999999996
376,Edelweiss Weissbier Snowfresh, 2021,3.6
377,Edelweiss Weissbier Snowfresh, 2022,3.15
378,Egger Märzenbier, 2006,2.775
379,Egger Märzenbier, 2007,2.4285714285714284
380,Egger Märzenbier, 2008,2.4642857142857144
381,Egger Märzenbier, 2009,2.1799999999999997
382,Egger Märzenbier, 2010,2.5357142857142856
383,Egger Märzenbier, 2011,2.38
384,Egger Märzenbier, 2012,2.5916666666666663
385,Egger Märzenbier, 2013,2.3375
386,Egger Märzenbier, 2014,2.4058823529411764
387,Egger Märzenbier, 2015,2.5944444444444446
388,Egger Märzenbier, 2016,2.588888888888889
389,Egger Märzenbier, 2017,2.4
390,Egger Märzenbier, 2018,2.3545454545454545
391,Egger Märzenbier, 2019,2.5533333333333332
392,Egger Märzenbier, 2020,2.73
393,Egger Märzenbier, 2021,2.6
394,Egger Märzenbier, 2022,2.766666666666667
395,Erdinger Weissbier, 2000,3.175
396,Erdinger Weissbier, 2001,3.4266666666666667
397,Erdinger Weissbier, 2002,3.1840579710144925
398,Erdinger Weissbier, 2003,3.1493670886075953
399,Erdinger Weissbier, 2004,3.161764705882353
400,Erdinger Weissbier, 2005,3.1883561643835616
401,Erdinger Weissbier, 2006,3.095705521472393
402,Erdinger Weissbier, 2007,3.1313186813186813
403,Erdinger Weissbier, 2008,3.15609756097561
404,Erdinger Weissbier, 2009,3.12875
405,Erdinger Weissbier, 2010,3.0888888888888886
406,Erdinger Weissbier, 2011,3.160135135135135
407,Erdinger Weissbier, 2012,3.173333333333334
408,Erdinger Weissbier, 2013,3.259009009009009
409,Erdinger Weissbier, 2014,3.127196652719665
410,Erdinger Weissbier, 2015,3.131891891891892
411,Erdinger Weissbier, 2016,3.1069565217391304
412,Erdinger Weissbier, 2017,3.1856060606060606
413,Erdinger Weissbier, 2018,3.121794871794872
414,Erdinger Weissbier, 2019,3.1737704918032787
415,Erdinger Weissbier, 2020,3.2256410256410257
416,Erdinger Weissbier, 2021,3.305405405405405
417,Erdinger Weissbier, 2022,3.3549999999999995
418,Erdinger Weissbier Dunkel, 2000,4.3
419,Erdinger Weissbier Dunkel, 2001,3.46
420,Erdinger Weissbier Dunkel, 2002,3.3808510638297875
421,Erdinger Weissbier Dunkel, 2003,3.2414285714285715
422,Erdinger Weissbier Dunkel, 2004,3.316
423,Erdinger Weissbier Dunkel, 2005,3.2549549549549552
424,Erdinger Weissbier Dunkel, 2006,3.180392156862745
425,Erdinger Weissbier Dunkel, 2007,3.231707317073171
426,Erdinger Weissbier Dunkel, 2008,3.1655172413793102
427,Erdinger Weissbier Dunkel, 2009,3.190677966101695
428,Erdinger Weissbier Dunkel, 2010,3.209322033898305
429,Erdinger Weissbier Dunkel, 2011,3.340909090909091
430,Erdinger Weissbier Dunkel, 2012,3.3181208053691273
431,Erdinger Weissbier Dunkel, 2013,3.2314102564102565
432,Erdinger Weissbier Dunkel, 2014,3.135672514619883
433,Erdinger Weissbier Dunkel, 2015,3.1992248062015505
434,Erdinger Weissbier Dunkel, 2016,3.170833333333333
435,Erdinger Weissbier Dunkel, 2017,3.184444444444445
436,Erdinger Weissbier Dunkel, 2018,3.146153846153846
437,Erdinger Weissbier Dunkel, 2019,3.232142857142857
438,Erdinger Weissbier Dunkel, 2020,3.1322580645161286
439,Erdinger Weissbier Dunkel, 2021,3.310344827586207
440,Erdinger Weissbier Dunkel, 2022,3.1599999999999997
441,FiLite, 2017,2.566666666666667
442,FiLite, 2018,2.325
443,FiLite, 2019,2.25
444,Franziskaner Hefe-Weissbier / Weissbier Naturtrub, 2016,3.6947916666666667
445,Franziskaner Hefe-Weissbier / Weissbier Naturtrub, 2017,3.639705882352941
446,Franziskaner Hefe-Weissbier / Weissbier Naturtrub, 2018,3.5853448275862068
447,Franziskaner Hefe-Weissbier / Weissbier Naturtrub, 2019,3.663829787234042
448,Franziskaner Hefe-Weissbier / Weissbier Naturtrub, 2020,3.605555555555556
449,Franziskaner Hefe-Weissbier / Weissbier Naturtrub, 2021,3.444
450,Franziskaner Hefe-Weissbier / Weissbier Naturtrub, 2022,3.690909090909091
451,Gambrinus Originál 10° (Desítka), 2002,2.6500000000000004
452,Gambrinus Originál 10° (Desítka), 2003,2.575
453,Gambrinus Originál 10° (Desítka), 2004,2.757142857142857
454,Gambrinus Originál 10° (Desítka), 2005,2.6692307692307695
455,Gambrinus Originál 10° (Desítka), 2006,2.3916666666666666
456,Gambrinus Originál 10° (Desítka), 2007,2.4250000000000003
457,Gambrinus Originál 10° (Desítka), 2008,2.5914285714285716
458,Gambrinus Originál 10° (Desítka), 2009,2.595652173913044
459,Gambrinus Originál 10° (Desítka), 2010,2.54375
460,Gambrinus Originál 10° (Desítka), 2011,2.2766666666666664
461,Gambrinus Originál 10° (Desítka), 2012,2.4703703703703703
462,Gambrinus Originál 10° (Desítka), 2013,2.475862068965517
463,Gambrinus Originál 10° (Desítka), 2014,2.4256410256410255
464,Gambrinus Originál 10° (Desítka), 2015,2.4935483870967743
465,Gambrinus Originál 10° (Desítka), 2016,2.59
466,Gambrinus Originál 10° (Desítka), 2017,2.590909090909091
467,Gambrinus Originál 10° (Desítka), 2018,2.512121212121212
468,Gambrinus Originál 10° (Desítka), 2019,2.638709677419355
469,Gambrinus Originál 10° (Desítka), 2020,2.96
470,Gambrinus Originál 10° (Desítka), 2021,2.2375
471,Gambrinus Originál 10° (Desítka), 2022,2.8363636363636364
472,Goose Island 312 Urban Wheat Ale, 2004,2.7181818181818183
473,Goose Island 312 Urban Wheat Ale, 2005,2.773913043478261
474,Goose Island 312 Urban Wheat Ale, 2006,2.771875
475,Goose Island 312 Urban Wheat Ale, 2007,2.733884297520661
476,Goose Island 312 Urban Wheat Ale, 2008,2.7608
477,Goose Island 312 Urban Wheat Ale, 2009,2.8923076923076922
478,Goose Island 312 Urban Wheat Ale, 2010,2.9
479,Goose Island 312 Urban Wheat Ale, 2011,2.8553191489361702
480,Goose Island 312 Urban Wheat Ale, 2012,2.8550264550264552
481,Goose Island 312 Urban Wheat Ale, 2013,2.7554655870445344
482,Goose Island 312 Urban Wheat Ale, 2014,2.9125
483,Goose Island 312 Urban Wheat Ale, 2015,2.8522292993630574
484,Goose Island 312 Urban Wheat Ale, 2016,2.8385714285714285
485,Goose Island 312 Urban Wheat Ale, 2017,2.8775280898876407
486,Goose Island 312 Urban Wheat Ale, 2018,2.877586206896552
487,Goose Island 312 Urban Wheat Ale, 2019,2.8808510638297875
488,Goose Island 312 Urban Wheat Ale, 2020,2.730769230769231
489,Goose Island 312 Urban Wheat Ale, 2021,2.8000000000000003
490,Goose Island 312 Urban Wheat Ale, 2022,3.2
491,Goose Island Goose IPA, 2000,4.4
492,Goose Island Goose IPA, 2001,3.9
493,Goose Island Goose IPA, 2002,3.6191489361702125
494,Goose Island Goose IPA, 2003,3.556164383561644
495,Goose Island Goose IPA, 2004,3.595402298850575
496,Goose Island Goose IPA, 2005,3.6120567375886528
497,Goose Island Goose IPA, 2006,3.6801470588235294
498,Goose Island Goose IPA, 2007,3.555263157894737
499,Goose Island Goose IPA, 2008,3.581879194630873
500,Goose Island Goose IPA, 2009,3.583544303797469
501,Goose Island Goose IPA, 2010,3.6227941176470586
502,Goose Island Goose IPA, 2011,3.566666666666667
503,Goose Island Goose IPA, 2012,3.5687203791469195
504,Goose Island Goose IPA, 2013,3.5207357859531774
505,Goose Island Goose IPA, 2014,3.521505376344086
506,Goose Island Goose IPA, 2015,3.419033232628399
507,Goose Island Goose IPA, 2016,3.454216867469879
508,Goose Island Goose IPA, 2017,3.4594405594405595
509,Goose Island Goose IPA, 2018,3.2666666666666666
510,Goose Island Goose IPA, 2019,3.4365217391304346
511,Goose Island Goose IPA, 2020,3.5524999999999998
512,Goose Island Goose IPA, 2021,3.4333333333333336
513,Goose Island Goose IPA, 2022,3.2666666666666666
514,Grimbergen Cuvée Blanche, 2007,2.9
515,Grimbergen Cuvée Blanche, 2008,3.3117647058823527
516,Grimbergen Cuvée Blanche, 2009,3.1500000000000004
517,Grimbergen Cuvée Blanche, 2010,3.0599999999999996
518,Grimbergen Cuvée Blanche, 2011,2.9333333333333336
519,Grimbergen Cuvée Blanche, 2012,3.085294117647059
520,Grimbergen Cuvée Blanche, 2013,3.075
521,Grimbergen Cuvée Blanche, 2014,2.986
522,Grimbergen Cuvée Blanche, 2015,3.1986842105263156
523,Grimbergen Cuvée Blanche, 2016,3.1357142857142857
524,Grimbergen Cuvée Blanche, 2017,3.108
525,Grimbergen Cuvée Blanche, 2018,3.215909090909091
526,Grimbergen Cuvée Blanche, 2019,3.2460000000000004
527,Grimbergen Cuvée Blanche, 2020,3.365625
528,Grimbergen Cuvée Blanche, 2021,3.1785714285714284
529,Grimbergen Cuvée Blanche, 2022,2.92
530,Grolsch Premium Lager, 2015,2.330952380952381
531,Grolsch Premium Lager, 2016,2.6465753424657534
532,Grolsch Premium Lager, 2017,2.696842105263158
533,Grolsch Premium Lager, 2018,2.783606557377049
534,Grolsch Premium Lager, 2019,2.7566037735849056
535,Grolsch Premium Lager, 2020,2.8000000000000003
536,Grolsch Premium Lager, 2021,2.6681818181818184
537,Grolsch Premium Lager, 2022,2.7210526315789476
538,Guinness Draught, 2000,4.148
539,Guinness Draught, 2001,3.964606741573034
540,Guinness Draught, 2002,3.6795865633074936
541,Guinness Draught, 2003,3.542013888888889
542,Guinness Draught, 2004,3.543042071197411
543,Guinness Draught, 2005,3.396694214876033
544,Guinness Draught, 2006,3.532571428571429
545,Guinness Draught, 2007,3.3903640256959315
546,Guinness Draught, 2008,3.434292565947242
547,Guinness Draught, 2009,3.422327044025157
548,Guinness Draught, 2010,3.3642023346303502
549,Guinness Draught, 2011,3.415352697095436
550,Guinness Draught, 2012,3.4565088757396447
551,Guinness Draught, 2013,3.3835164835164835
552,Guinness Draught, 2014,3.3683385579937304
553,Guinness Draught, 2015,3.2762264150943397
554,Guinness Draught, 2016,3.361578947368421
555,Guinness Draught, 2017,3.3219730941704033
556,Guinness Draught, 2018,3.416326530612245
557,Guinness Draught, 2019,3.567647058823529
558,Guinness Draught, 2020,3.505357142857143
559,Guinness Draught, 2021,3.4666666666666663
560,Guinness Draught, 2022,3.474074074074074
561,Guinness Original 4.2% (Ireland/UK), 2000,2.1
562,Guinness Original 4.2% (Ireland/UK), 2001,2.225
563,Guinness Original 4.2% (Ireland/UK), 2002,2.9000000000000004
564,Guinness Original 4.2% (Ireland/UK), 2003,3.227272727272727
565,Guinness Original 4.2% (Ireland/UK), 2004,3.435
566,Guinness Original 4.2% (Ireland/UK), 2005,3.1260869565217395
567,Guinness Original 4.2% (Ireland/UK), 2006,3.478947368421052
568,Guinness Original 4.2% (Ireland/UK), 2007,3.1875
569,Guinness Original 4.2% (Ireland/UK), 2008,3.2760000000000002
570,Guinness Original 4.2% (Ireland/UK), 2009,3.3049999999999997
571,Guinness Original 4.2% (Ireland/UK), 2010,3.109677419354839
572,Guinness Original 4.2% (Ireland/UK), 2011,3.2366666666666664
573,Guinness Original 4.2% (Ireland/UK), 2012,3.3131578947368423
574,Guinness Original 4.2% (Ireland/UK), 2013,3.298275862068966
575,Guinness Original 4.2% (Ireland/UK), 2014,3.094871794871795
576,Guinness Original 4.2% (Ireland/UK), 2015,3.180769230769231
577,Guinness Original 4.2% (Ireland/UK), 2016,3.170833333333333
578,Guinness Original 4.2% (Ireland/UK), 2017,3.2411764705882353
579,Guinness Original 4.2% (Ireland/UK), 2018,3.1454545454545455
580,Guinness Original 4.2% (Ireland/UK), 2019,3.3125
581,Guinness Original 4.2% (Ireland/UK), 2020,3.41
582,Guinness Original 4.2% (Ireland/UK), 2021,3.566666666666667
583,Guinness Original 4.2% (Ireland/UK), 2022,3.3600000000000003
584,Harbin Beer, 2002,2.3
585,Harbin Beer, 2003,2.25
586,Harbin Beer, 2004,1.7
587,Harbin Beer, 2005,2.8
588,Harbin Beer, 2006,2.019642857142857
589,Harbin Beer, 2007,2.1229885057471263
590,Harbin Beer, 2008,2.0028571428571427
591,Harbin Beer, 2009,2.026315789473684
592,Harbin Beer, 2010,1.9866666666666668
593,Harbin Beer, 2011,1.55
594,Harbin Beer, 2012,1.6583333333333332
595,Harbin Beer, 2013,1.5333333333333334
596,Harbin Beer, 2014,1.5166666666666668
597,Harbin Beer, 2015,2.3714285714285714
598,Harbin Beer, 2016,1.8142857142857143
599,Harbin Beer, 2017,2.1333333333333333
600,Harbin Beer, 2018,1.7399999999999998
601,Harbin Beer, 2019,1.675
602,Harbin Beer, 2020,2.15
603,Harbin Beer, 2021,1.25
604,Heineken, 2000,1.8705882352941177
605,Heineken, 2001,2.3993421052631576
606,Heineken, 2002,2.3136363636363635
607,Heineken, 2003,2.22
608,Heineken, 2004,2.1128865979381444
609,Heineken, 2005,2.0374468085106385
610,Heineken, 2006,2.0947955390334574
611,Heineken, 2007,2.1234920634920633
612,Heineken, 2008,2.070347003154574
613,Heineken, 2009,2.022110552763819
614,Heineken, 2010,1.982098765432099
615,Heineken, 2011,1.9948863636363638
616,Heineken, 2012,2.2007575757575757
617,Heineken, 2013,2.1919413919413917
618,Heineken, 2014,2.0956692913385826
619,Heineken, 2015,2.1690140845070425
620,Heineken, 2016,2.2386666666666666
621,Heineken, 2017,2.152702702702703
622,Heineken, 2018,2.4401785714285715
623,Heineken, 2019,2.3475247524752474
624,Heineken, 2020,2.5186046511627906
625,Heineken, 2021,2.5076923076923077
626,Heineken, 2022,2.2058823529411766
627,Heineken Dark Lager, 2000,1.6
628,Heineken Dark Lager, 2001,2.9142857142857146
629,Heineken Dark Lager, 2002,2.7093023255813953
630,Heineken Dark Lager, 2003,2.5980392156862746
631,Heineken Dark Lager, 2004,2.4711864406779664
632,Heineken Dark Lager, 2005,2.6234375
633,Heineken Dark Lager, 2006,2.6673913043478263
634,Heineken Dark Lager, 2007,2.805172413793103
635,Heineken Dark Lager, 2008,2.573611111111111
636,Heineken Dark Lager, 2009,2.597297297297297
637,Heineken Dark Lager, 2010,2.6857142857142855
638,Heineken Dark Lager, 2011,2.7708333333333335
639,Heineken Dark Lager, 2012,2.7346153846153842
640,Heineken Dark Lager, 2013,3.005263157894737
641,Heineken Dark Lager, 2014,2.988888888888889
642,Heineken Dark Lager, 2015,2.933333333333333
643,Heineken Dark Lager, 2016,2.6799999999999997
644,Heineken Dark Lager, 2017,2.65
645,Heineken Dark Lager, 2018,2.6999999999999997
646,Heineken Dark Lager, 2019,2.6
647,Heineken Dark Lager, 2021,2.7000000000000006
648,Heretic Evil Twin, 2011,3.664285714285714
649,Heretic Evil Twin, 2012,3.6985714285714284
650,Heretic Evil Twin, 2013,3.7277777777777774
651,Heretic Evil Twin, 2014,3.6999999999999997
652,Heretic Evil Twin, 2015,3.7027397260273975
653,Heretic Evil Twin, 2016,3.680769230769231
654,Heretic Evil Twin, 2017,3.6195121951219513
655,Heretic Evil Twin, 2018,3.5500000000000003
656,Heretic Evil Twin, 2019,3.4200000000000004
657,Heretic Evil Twin, 2020,3.7857142857142856
658,Heretic Evil Twin, 2021,3.675
659,Heretic Evil Twin, 2022,4.0
660,Hite Extra Cold, 2017,2.1461538461538465
661,Hite Extra Cold, 2018,1.8
662,Hite Extra Cold, 2019,2.5272727272727273
663,Hite Extra Cold, 2020,2.0500000000000003
664,Hite Extra Cold, 2021,2.1666666666666665
665,Hite Extra Cold, 2022,2.1
666,Hite Prime Max, 2002,1.2
667,Hite Prime Max, 2003,1.55
668,Hite Prime Max, 2004,1.95
669,Hite Prime Max, 2005,2.25
670,Hite Prime Max, 2006,1.7625
671,Hite Prime Max, 2007,1.9
672,Hite Prime Max, 2008,2.011111111111111
673,Hite Prime Max, 2009,1.5125
674,Hite Prime Max, 2010,1.7333333333333334
675,Hite Prime Max, 2011,1.5285714285714285
676,Hite Prime Max, 2012,2.0
677,Hite Prime Max, 2013,1.7399999999999998
678,Hite Prime Max, 2014,1.7999999999999998
679,Hite Prime Max, 2015,2.161538461538462
680,Hite Prime Max, 2016,1.8999999999999997
681,Hite Prime Max, 2017,2.5
682,Hite Prime Max, 2018,1.9833333333333334
683,Hite Prime Max, 2019,2.44
684,HiteJinro Filite Fresh Cool & Clear, 2018,1.05
685,HiteJinro Filite Fresh Cool & Clear, 2019,2.0
686,Hoegaarden, 2000,4.090909090909091
687,Hoegaarden, 2001,4.082352941176471
688,Hoegaarden, 2002,3.6566037735849055
689,Hoegaarden, 2003,3.6360975609756094
690,Hoegaarden, 2004,3.5849056603773586
691,Hoegaarden, 2005,3.5781132075471698
692,Hoegaarden, 2006,3.5593525179856114
693,Hoegaarden, 2007,3.492391304347826
694,Hoegaarden, 2008,3.54564705882353
695,Hoegaarden, 2009,3.436501901140684
696,Hoegaarden, 2010,3.428444444444444
697,Hoegaarden, 2011,3.479475982532751
698,Hoegaarden, 2012,3.5108552631578944
699,Hoegaarden, 2013,3.48006230529595
700,Hoegaarden, 2014,3.4589225589225587
701,Hoegaarden, 2015,3.513382899628253
702,Hoegaarden, 2016,3.506829268292683
703,Hoegaarden, 2017,3.4184971098265895
704,Hoegaarden, 2018,3.432
705,Hoegaarden, 2019,3.507216494845361
706,Hoegaarden, 2020,3.5075000000000003
707,Hoegaarden, 2021,3.48125
708,Hoegaarden, 2022,3.461904761904762
709,Hoegaarden Cherry, 2017,2.05
710,Hoegaarden Cherry, 2018,3.6
711,Hoegaarden Rosée, 2007,2.3473684210526318
712,Hoegaarden Rosée, 2008,2.598181818181818
713,Hoegaarden Rosée, 2009,2.188
714,Hoegaarden Rosée, 2010,2.625
715,Hoegaarden Rosée, 2011,2.428888888888889
716,Hoegaarden Rosée, 2012,2.526666666666667
717,Hoegaarden Rosée, 2013,2.3925925925925924
718,Hoegaarden Rosée, 2014,2.498076923076923
719,Hoegaarden Rosée, 2015,2.484
720,Hoegaarden Rosée, 2016,2.592857142857143
721,Hoegaarden Rosée, 2017,2.7348837209302324
722,Hoegaarden Rosée, 2018,2.48
723,Hoegaarden Rosée, 2019,2.8347826086956522
724,Hoegaarden Rosée, 2020,2.853846153846154
725,Hoegaarden Rosée, 2021,2.8875
726,Hoegaarden Rosée, 2022,3.0200000000000005
727,Hollandia, 2001,2.0714285714285716
728,Hollandia, 2002,2.235294117647059
729,Hollandia, 2003,2.2344827586206897
730,Hollandia, 2004,1.9142857142857144
731,Hollandia, 2005,2.1363636363636362
732,Hollandia, 2006,2.051851851851852
733,Hollandia, 2007,2.538095238095238
734,Hollandia, 2008,1.935483870967742
735,Hollandia, 2009,2.005714285714286
736,Hollandia, 2010,2.048148148148148
737,Hollandia, 2011,2.0300000000000002
738,Hollandia, 2012,2.2256410256410257
739,Hollandia, 2013,2.1470588235294117
740,Hollandia, 2014,2.0033333333333334
741,Hollandia, 2015,2.437037037037037
742,Hollandia, 2016,2.1666666666666665
743,Hollandia, 2017,2.3833333333333333
744,Hollandia, 2018,2.2526315789473683
745,Hollandia, 2019,2.5
746,Hollandia, 2020,2.65
747,Hollandia, 2021,2.4444444444444446
748,Hollandia, 2022,2.05
749,Holsten Premium Bier, 2001,2.87
750,Holsten Premium Bier, 2002,2.476
751,Holsten Premium Bier, 2003,2.4466666666666668
752,Holsten Premium Bier, 2004,2.466666666666667
753,Holsten Premium Bier, 2005,2.2869565217391306
754,Holsten Premium Bier, 2006,2.341379310344828
755,Holsten Premium Bier, 2007,2.3205128205128207
756,Holsten Premium Bier, 2008,2.4709677419354836
757,Holsten Premium Bier, 2009,2.26
758,Holsten Premium Bier, 2010,2.4318181818181817
759,Holsten Premium Bier, 2011,2.283333333333333
760,Holsten Premium Bier, 2012,2.3275862068965516
761,Holsten Premium Bier, 2013,2.2666666666666666
762,Holsten Premium Bier, 2014,2.231034482758621
763,Holsten Premium Bier, 2015,2.3684210526315788
764,Holsten Premium Bier, 2016,2.3583333333333334
765,Holsten Premium Bier, 2017,2.5933333333333333
766,Holsten Premium Bier, 2018,2.2916666666666665
767,Holsten Premium Bier, 2019,2.45
768,Holsten Premium Bier, 2020,2.3333333333333335
769,Holsten Premium Bier, 2021,1.3
770,Holsten Premium Bier, 2022,2.45
771,Hop House 13 Lager, 2015,2.9
772,Hop House 13 Lager, 2016,2.8780219780219776
773,Hop House 13 Lager, 2017,2.7455445544554458
774,Hop House 13 Lager, 2018,2.94468085106383
775,Hop House 13 Lager, 2019,3.047945205479452
776,Hop House 13 Lager, 2020,2.9094339622641505
777,Hop House 13 Lager, 2021,3.0586206896551724
778,Hop House 13 Lager, 2022,3.1125
779,Jeju Baengnokdam Ale, 2019,2.6333333333333333
780,Jeju Baengnokdam Ale, 2020,2.95
781,Jeju Baengnokdam Ale, 2021,3.25
782,Jeju Barrel Series-Imperial Stout Edition - Highland Park, 2020,4.7
783,Jeju Pellong Ale, 2019,2.9000000000000004
784,Jeju Pellong Ale, 2021,3.3
785,Jeju Pellong Ale, 2022,3.2
786,Jeju Seongsan Ilchulbong Ale, 2021,3.0999999999999996
787,Jeju Seongsan Ilchulbong Ale, 2022,3.4
788,Jeju Wit Ale, 2017,3.55
789,Jeju Wit Ale, 2018,3.2
790,Jeju Wit Ale, 2019,2.4
791,Jeju Wit Ale, 2020,3.2
792,Kabrew Golden Ale, 2017,3.25
793,Kabrew Gyeongbokgung Royal Pride IPA, 2019,3.05
794,Kabrew Gyeongbokgung Royal Pride IPA, 2020,3.266666666666667
795,Kabrew Gyeongbokgung Royal Pride IPA, 2021,3.55
796,Kabrew Hoptandu IPA, 2018,3.4
797,Kabrew Hoptandu IPA, 2020,3.5
798,Kabrew Kumiho India Pale Ale, 2021,2.8499999999999996
799,Kabrew Kumiho India Pale Ale, 2022,3.7
800,Kabrew Kumiho Peach Ale, 2020,2.5
801,Kabrew Kumiho Peach Ale, 2021,2.8333333333333335
802,Kabrew Kumiho Relax Beer, 2021,2.1
803,Kabrew Namsan Mountain Premium Citra Ale, 2021,3.8
804,Kirin Ichiban, 2000,2.1333333333333333
805,Kirin Ichiban, 2001,2.548148148148148
806,Kirin Ichiban, 2002,2.282608695652174
807,Kirin Ichiban, 2003,2.216666666666667
808,Kirin Ichiban, 2004,2.10379746835443
809,Kirin Ichiban, 2005,2.0561643835616437
810,Kirin Ichiban, 2006,2.1581395348837207
811,Kirin Ichiban, 2007,2.130188679245283
812,Kirin Ichiban, 2008,2.15
813,Kirin Ichiban, 2009,2.0320754716981133
814,Kirin Ichiban, 2010,2.0816326530612246
815,Kirin Ichiban, 2011,2.2550458715596333
816,Kirin Ichiban, 2012,2.261585365853658
817,Kirin Ichiban, 2013,2.1325
818,Kirin Ichiban, 2014,2.2664335664335664
819,Kirin Ichiban, 2015,2.3019417475728154
820,Kirin Ichiban, 2016,2.3666666666666667
821,Kirin Ichiban, 2017,2.62
822,Kirin Ichiban, 2018,2.453623188405797
823,Kirin Ichiban, 2019,2.415909090909091
824,Kirin Ichiban, 2020,2.396
825,Kirin Ichiban, 2021,2.518181818181818
826,Kirin Ichiban, 2022,2.3461538461538463
827,Kloud Fitz Super Clear, 2017,2.566666666666667
828,Kloud Fitz Super Clear, 2018,1.9214285714285713
829,Kloud Fitz Super Clear, 2019,1.8800000000000001
830,Kloud Fitz Super Clear, 2020,1.7
831,Kloud Fitz Super Clear, 2021,0.5
832,Kloud Original Gravity, 2014,2.2857142857142856
833,Kloud Original Gravity, 2015,2.3846153846153846
834,Kloud Original Gravity, 2016,2.323529411764706
835,Kloud Original Gravity, 2017,2.268421052631579
836,Kloud Original Gravity, 2018,2.02
837,Kloud Original Gravity, 2019,2.50625
838,Kloud Original Gravity, 2020,2.5285714285714285
839,Kloud Original Gravity, 2021,2.4799999999999995
840,Kona Big Wave Golden Ale, 2000,2.8
841,Kona Big Wave Golden Ale, 2001,2.9
842,Kona Big Wave Golden Ale, 2002,2.4285714285714284
843,Kona Big Wave Golden Ale, 2003,2.9583333333333335
844,Kona Big Wave Golden Ale, 2004,2.075
845,Kona Big Wave Golden Ale, 2005,2.6333333333333333
846,Kona Big Wave Golden Ale, 2006,2.6933333333333334
847,Kona Big Wave Golden Ale, 2007,2.7
848,Kona Big Wave Golden Ale, 2008,2.78125
849,Kona Big Wave Golden Ale, 2009,2.591666666666667
850,Kona Big Wave Golden Ale, 2010,3.18125
851,Kona Big Wave Golden Ale, 2011,2.772727272727273
852,Kona Big Wave Golden Ale, 2012,3.011594202898551
853,Kona Big Wave Golden Ale, 2013,3.03849765258216
854,Kona Big Wave Golden Ale, 2014,3.0738461538461537
855,Kona Big Wave Golden Ale, 2015,3.0564102564102567
856,Kona Big Wave Golden Ale, 2016,3.02551724137931
857,Kona Big Wave Golden Ale, 2017,3.112258064516129
858,Kona Big Wave Golden Ale, 2018,3.117808219178082
859,Kona Big Wave Golden Ale, 2019,3.0163636363636366
860,Kona Big Wave Golden Ale, 2020,3.1653846153846152
861,Kona Big Wave Golden Ale, 2021,3.0384615384615383
862,Kona Big Wave Golden Ale, 2022,3.15
863,Kozel Černý (Dark) 10°, 2000,2.0
864,Kozel Černý (Dark) 10°, 2001,3.6166666666666667
865,Kozel Černý (Dark) 10°, 2002,3.553846153846154
866,Kozel Černý (Dark) 10°, 2003,3.3083333333333336
867,Kozel Černý (Dark) 10°, 2004,3.2636363636363637
868,Kozel Černý (Dark) 10°, 2005,3.217948717948718
869,Kozel Černý (Dark) 10°, 2006,3.1666666666666665
870,Kozel Černý (Dark) 10°, 2007,3.0568627450980395
871,Kozel Černý (Dark) 10°, 2008,3.0145454545454546
872,Kozel Černý (Dark) 10°, 2009,3.028205128205128
873,Kozel Černý (Dark) 10°, 2010,3.1808510638297873
874,Kozel Černý (Dark) 10°, 2011,2.8833333333333333
875,Kozel Černý (Dark) 10°, 2012,3.0359375
876,Kozel Černý (Dark) 10°, 2013,3.0183098591549298
877,Kozel Černý (Dark) 10°, 2014,2.998863636363636
878,Kozel Černý (Dark) 10°, 2015,2.8467889908256883
879,Kozel Černý (Dark) 10°, 2016,2.9511627906976745
880,Kozel Černý (Dark) 10°, 2017,2.778048780487805
881,Kozel Černý (Dark) 10°, 2018,3.012698412698413
882,Kozel Černý (Dark) 10°, 2019,2.9633333333333334
883,Kozel Černý (Dark) 10°, 2020,2.9344827586206894
884,Kozel Černý (Dark) 10°, 2021,2.9756756756756757
885,Kozel Černý (Dark) 10°, 2022,3.175
886,Krombacher Weizen, 2007,3.0555555555555554
887,Krombacher Weizen, 2008,2.9705882352941178
888,Krombacher Weizen, 2009,3.1954545454545453
889,Krombacher Weizen, 2010,3.0823529411764703
890,Krombacher Weizen, 2011,3.01
891,Krombacher Weizen, 2012,3.1346153846153846
892,Krombacher Weizen, 2013,3.206382978723404
893,Krombacher Weizen, 2014,3.2
894,Krombacher Weizen, 2015,3.120833333333333
895,Krombacher Weizen, 2016,3.130357142857143
896,Krombacher Weizen, 2017,3.2214285714285715
897,Krombacher Weizen, 2018,3.0633333333333335
898,Krombacher Weizen, 2019,3.0461538461538464
899,Krombacher Weizen, 2020,3.210526315789474
900,Krombacher Weizen, 2021,3.4
901,Krombacher Weizen, 2022,3.31
902,Kronenbourg 1664 Blanc, 2004,3.2222222222222223
903,Kronenbourg 1664 Blanc, 2005,2.664516129032258
904,Kronenbourg 1664 Blanc, 2006,2.7025
905,Kronenbourg 1664 Blanc, 2007,2.3913793103448273
906,Kronenbourg 1664 Blanc, 2008,2.7282051282051283
907,Kronenbourg 1664 Blanc, 2009,2.4272727272727272
908,Kronenbourg 1664 Blanc, 2010,2.835
909,Kronenbourg 1664 Blanc, 2011,2.8046511627906976
910,Kronenbourg 1664 Blanc, 2012,2.8249999999999997
911,Kronenbourg 1664 Blanc, 2013,2.823469387755102
912,Kronenbourg 1664 Blanc, 2014,2.7731707317073173
913,Kronenbourg 1664 Blanc, 2015,2.8113636363636365
914,Kronenbourg 1664 Blanc, 2016,2.8208955223880596
915,Kronenbourg 1664 Blanc, 2017,2.8615384615384616
916,Kronenbourg 1664 Blanc, 2018,2.8559322033898304
917,Kronenbourg 1664 Blanc, 2019,2.8908045977011496
918,Kronenbourg 1664 Blanc, 2020,3.03125
919,Kronenbourg 1664 Blanc, 2021,2.951724137931034
920,Kronenbourg 1664 Blanc, 2022,3.1933333333333334
921,Lagunitas India Pale Ale (IPA), 2001,3.866666666666667
922,Lagunitas India Pale Ale (IPA), 2002,3.7512195121951217
923,Lagunitas India Pale Ale (IPA), 2003,3.6820895522388057
924,Lagunitas India Pale Ale (IPA), 2004,3.443
925,Lagunitas India Pale Ale (IPA), 2005,3.5392156862745097
926,Lagunitas India Pale Ale (IPA), 2006,3.5313868613138686
927,Lagunitas India Pale Ale (IPA), 2007,3.4920187793427226
928,Lagunitas India Pale Ale (IPA), 2008,3.5387665198237883
929,Lagunitas India Pale Ale (IPA), 2009,3.470652173913044
930,Lagunitas India Pale Ale (IPA), 2010,3.5999999999999996
931,Lagunitas India Pale Ale (IPA), 2011,3.5458904109589042
932,Lagunitas India Pale Ale (IPA), 2012,3.618141592920354
933,Lagunitas India Pale Ale (IPA), 2013,3.6601769911504425
934,Lagunitas India Pale Ale (IPA), 2014,3.6393574297188755
935,Lagunitas India Pale Ale (IPA), 2015,3.622926829268293
936,Lagunitas India Pale Ale (IPA), 2016,3.606470588235294
937,Lagunitas India Pale Ale (IPA), 2017,3.560248447204969
938,Lagunitas India Pale Ale (IPA), 2018,3.4841772151898733
939,Lagunitas India Pale Ale (IPA), 2019,3.5327731092436974
940,Lagunitas India Pale Ale (IPA), 2020,3.5146341463414634
941,Lagunitas India Pale Ale (IPA), 2021,3.4676470588235295
942,Lagunitas India Pale Ale (IPA), 2022,3.5588235294117645
943,Lapin Kulta IV A, 2001,1.6333333333333335
944,Lapin Kulta IV A, 2002,2.5357142857142856
945,Lapin Kulta IV A, 2003,1.8111111111111111
946,Lapin Kulta IV A, 2004,2.1636363636363636
947,Lapin Kulta IV A, 2005,2.1928571428571426
948,Lapin Kulta IV A, 2006,1.935
949,Lapin Kulta IV A, 2007,2.285
950,Lapin Kulta IV A, 2008,2.1944444444444446
951,Lapin Kulta IV A, 2009,2.2
952,Lapin Kulta IV A, 2010,2.216666666666667
953,Lapin Kulta IV A, 2011,2.3249999999999997
954,Lapin Kulta IV A, 2012,2.161764705882353
955,Lapin Kulta IV A, 2013,2.2090909090909094
956,Lapin Kulta IV A, 2014,2.1125000000000003
957,Lapin Kulta IV A, 2015,2.3227272727272728
958,Lapin Kulta IV A, 2016,1.9642857142857142
959,Lapin Kulta IV A, 2017,2.413333333333333
960,Lapin Kulta IV A, 2018,2.3884615384615384
961,Lapin Kulta IV A, 2019,2.38
962,Lapin Kulta IV A, 2020,2.3333333333333335
963,Lapin Kulta IV A, 2021,2.2857142857142856
964,Lapin Kulta IV A, 2022,2.35
965,Löwenbräu Original (4.2%), 2014,1.8909090909090909
966,Löwenbräu Original (4.2%), 2015,1.625
967,Löwenbräu Original (4.2%), 2016,2.275
968,Löwenbräu Original (4.2%), 2017,1.9333333333333333
969,Löwenbräu Original (4.2%), 2019,1.7
970,Löwenbräu Original (4.2%), 2022,2.1
971,Magners Juicy Apple, 2018,2.6
972,Magners Juicy Apple, 2021,2.7
973,Magners Juicy Apple, 2022,2.8
974,Miller Genuine Draft (MGD), 2000,1.64375
975,Miller Genuine Draft (MGD), 2001,1.7613207547169811
976,Miller Genuine Draft (MGD), 2002,1.78984375
977,Miller Genuine Draft (MGD), 2003,1.6918238993710693
978,Miller Genuine Draft (MGD), 2004,1.5678571428571426
979,Miller Genuine Draft (MGD), 2005,1.4631578947368422
980,Miller Genuine Draft (MGD), 2006,1.545
981,Miller Genuine Draft (MGD), 2007,1.5848039215686276
982,Miller Genuine Draft (MGD), 2008,1.5746192893401014
983,Miller Genuine Draft (MGD), 2009,1.6405405405405404
984,Miller Genuine Draft (MGD), 2010,1.6698795180722892
985,Miller Genuine Draft (MGD), 2011,1.5483146067415732
986,Miller Genuine Draft (MGD), 2012,1.6008064516129032
987,Miller Genuine Draft (MGD), 2013,1.7104761904761905
988,Miller Genuine Draft (MGD), 2014,1.6876106194690264
989,Miller Genuine Draft (MGD), 2015,1.8324675324675324
990,Miller Genuine Draft (MGD), 2016,1.8655737704918032
991,Miller Genuine Draft (MGD), 2017,1.9540983606557378
992,Miller Genuine Draft (MGD), 2018,2.1
993,Miller Genuine Draft (MGD), 2019,2.121212121212121
994,Miller Genuine Draft (MGD), 2020,1.9714285714285715
995,Miller Genuine Draft (MGD), 2021,2.0294117647058822
996,Miller Genuine Draft (MGD), 2022,2.075
997,North Coast Old Rasputin Russian Imperial Stout, 2010,4.366666666666667
998,North Coast Old Rasputin Russian Imperial Stout, 2011,4.0778210116731515
999,North Coast Old Rasputin Russian Imperial Stout, 2012,4.1
1000,North Coast Old Rasputin Russian Imperial Stout, 2013,4.172523961661342
1001,North Coast Old Rasputin Russian Imperial Stout, 2014,4.040851063829788
1002,North Coast Old Rasputin Russian Imperial Stout, 2015,4.0431718061674005
1003,North Coast Old Rasputin Russian Imperial Stout, 2016,4.0961783439490445
1004,North Coast Old Rasputin Russian Imperial Stout, 2017,4.017094017094017
1005,North Coast Old Rasputin Russian Imperial Stout, 2018,4.146808510638298
1006,North Coast Old Rasputin Russian Imperial Stout, 2019,4.059375
1007,North Coast Old Rasputin Russian Imperial Stout, 2020,3.808695652173913
1008,North Coast Old Rasputin Russian Imperial Stout, 2021,4.2125
1009,North Coast Old Rasputin Russian Imperial Stout, 2022,4.236363636363636
1010,OB Golden Lager, 2011,1.9615384615384615
1011,OB Golden Lager, 2012,2.3636363636363638
1012,OB Golden Lager, 2013,2.1666666666666665
1013,OB Golden Lager, 2014,2.003125
1014,OB Golden Lager, 2015,1.8733333333333335
1015,OB Golden Lager, 2018,5.0
1016,OB Golden Lager, 2019,3.25
1017,OB Premier Pilsner, 2014,1.8
1018,OB Premier Pilsner, 2015,2.4
1019,OB Premier Pilsner, 2016,2.13
1020,OB Premier Pilsner, 2017,2.19375
1021,OB Premier Pilsner, 2018,2.16
1022,OB Premier Pilsner, 2019,3.0
1023,OB Premier Pilsner, 2021,2.8
1024,Paulaner Hefe-Weissbier, 2000,3.92
1025,Paulaner Hefe-Weissbier, 2001,3.7563636363636363
1026,Paulaner Hefe-Weissbier, 2002,3.585714285714286
1027,Paulaner Hefe-Weissbier, 2003,3.585714285714286
1028,Paulaner Hefe-Weissbier, 2004,3.5293706293706295
1029,Paulaner Hefe-Weissbier, 2005,3.663265306122449
1030,Paulaner Hefe-Weissbier, 2006,3.7047872340425534
1031,Paulaner Hefe-Weissbier, 2007,3.614930555555555
1032,Paulaner Hefe-Weissbier, 2008,3.6317991631799162
1033,Paulaner Hefe-Weissbier, 2009,3.473255813953488
1034,Paulaner Hefe-Weissbier, 2010,3.62125
1035,Paulaner Hefe-Weissbier, 2011,3.547096774193548
1036,Paulaner Hefe-Weissbier, 2012,3.6107981220657277
1037,Paulaner Hefe-Weissbier, 2013,3.6454935622317595
1038,Paulaner Hefe-Weissbier, 2014,3.5488970588235293
1039,Paulaner Hefe-Weissbier, 2015,3.5719298245614035
1040,Paulaner Hefe-Weissbier, 2016,3.571069182389937
1041,Paulaner Hefe-Weissbier, 2017,3.5938461538461537
1042,Paulaner Hefe-Weissbier, 2018,3.62890625
1043,Paulaner Hefe-Weissbier, 2019,3.651190476190476
1044,Paulaner Hefe-Weissbier, 2020,3.5561403508771927
1045,Paulaner Hefe-Weissbier, 2021,3.5999999999999996
1046,Paulaner Hefe-Weissbier, 2022,3.5277777777777777
1047,Peroni Nastro Azzurro, 2001,2.5444444444444443
1048,Peroni Nastro Azzurro, 2002,2.259259259259259
1049,Peroni Nastro Azzurro, 2003,2.282051282051282
1050,Peroni Nastro Azzurro, 2004,2.03125
1051,Peroni Nastro Azzurro, 2005,2.045263157894737
1052,Peroni Nastro Azzurro, 2006,2.1666666666666665
1053,Peroni Nastro Azzurro, 2007,2.072380952380952
1054,Peroni Nastro Azzurro, 2008,2.062809917355372
1055,Peroni Nastro Azzurro, 2009,2.0689320388349515
1056,Peroni Nastro Azzurro, 2010,2.083720930232558
1057,Peroni Nastro Azzurro, 2011,2.118072289156627
1058,Peroni Nastro Azzurro, 2012,2.2419847328244273
1059,Peroni Nastro Azzurro, 2013,2.1075342465753426
1060,Peroni Nastro Azzurro, 2014,2.114516129032258
1061,Peroni Nastro Azzurro, 2015,2.1916666666666664
1062,Peroni Nastro Azzurro, 2016,2.3643678160919537
1063,Peroni Nastro Azzurro, 2017,2.4885057471264367
1064,Peroni Nastro Azzurro, 2018,2.353125
1065,Peroni Nastro Azzurro, 2019,2.370909090909091
1066,Peroni Nastro Azzurro, 2020,2.602777777777778
1067,Peroni Nastro Azzurro, 2021,2.444
1068,Peroni Nastro Azzurro, 2022,2.7047619047619045
1069,Pilsner Urquell, 2000,3.408333333333333
1070,Pilsner Urquell, 2001,3.4512500000000004
1071,Pilsner Urquell, 2002,3.4804347826086954
1072,Pilsner Urquell, 2003,3.305314009661836
1073,Pilsner Urquell, 2004,3.3731481481481485
1074,Pilsner Urquell, 2005,3.331687242798354
1075,Pilsner Urquell, 2006,3.1975206611570246
1076,Pilsner Urquell, 2007,3.2513071895424837
1077,Pilsner Urquell, 2008,3.2849840255591056
1078,Pilsner Urquell, 2009,3.203755868544601
1079,Pilsner Urquell, 2010,3.2046666666666668
1080,Pilsner Urquell, 2011,3.256043956043956
1081,Pilsner Urquell, 2012,3.2448
1082,Pilsner Urquell, 2013,3.3231884057971017
1083,Pilsner Urquell, 2014,3.2751937984496124
1084,Pilsner Urquell, 2015,3.2840000000000003
1085,Pilsner Urquell, 2016,3.2393518518518523
1086,Pilsner Urquell, 2017,3.2255707762557075
1087,Pilsner Urquell, 2018,3.3476190476190477
1088,Pilsner Urquell, 2019,3.4114583333333335
1089,Pilsner Urquell, 2020,3.361290322580645
1090,Pilsner Urquell, 2021,3.477777777777778
1091,Pilsner Urquell, 2022,3.4566666666666666
1092,Platinum Pale Ale, 2016,3.3
1093,Platinum Pale Ale, 2017,3.0
1094,Platinum Pale Ale, 2018,2.1
1095,Platinum Pale Ale, 2019,3.0
1096,Platinum White Ale, 2017,4.1
1097,Préaris Citra Sauvignon Session Ale, 2015,3.6999999999999997
1098,Préaris Citra Sauvignon Session Ale, 2016,3.236842105263158
1099,Préaris Citra Sauvignon Session Ale, 2018,3.8
1100,Queen's Ale Blonde Type, 2014,3.0
1101,Queen's Ale Blonde Type, 2015,3.266666666666667
1102,Queen's Ale Blonde Type, 2016,2.7
1103,Queen's Ale Blonde Type, 2018,2.8
1104,Red Rock, 2003,1.2
1105,Red Rock, 2004,1.2
1106,Red Rock, 2005,1.1
1107,Red Rock, 2006,2.066666666666667
1108,Red Rock, 2007,2.8
1109,Red Rock, 2008,1.9
1110,Red Rock, 2011,2.1
1111,Red Rock, 2012,2.2
1112,Red Rock, 2013,2.0
1113,Red Rock, 2018,1.45
1114,Reeper B. Blondes Weissbier, 2018,2.5
1115,Reeper B. Blondes Weissbier, 2019,2.733333333333333
1116,Reeper B. Blondes Weissbier, 2020,3.0999999999999996
1117,Reeper B. Blondes Weissbier, 2022,2.7199999999999998
1118,Samuel Adams Irish Red Ale, 2007,2.936363636363636
1119,Samuel Adams Irish Red Ale, 2008,3.1678571428571427
1120,Samuel Adams Irish Red Ale, 2009,3.107051282051282
1121,Samuel Adams Irish Red Ale, 2010,3.1450704225352113
1122,Samuel Adams Irish Red Ale, 2011,3.1872
1123,Samuel Adams Irish Red Ale, 2012,3.1075757575757574
1124,Samuel Adams Irish Red Ale, 2013,3.1318181818181823
1125,Samuel Adams Irish Red Ale, 2014,3.1266666666666665
1126,Samuel Adams Irish Red Ale, 2015,2.857142857142857
1127,Samuel Adams Irish Red Ale, 2016,3.288888888888889
1128,Samuel Adams Irish Red Ale, 2017,3.176
1129,Samuel Adams Irish Red Ale, 2018,3.0
1130,Samuel Adams Irish Red Ale, 2019,3.6
1131,Samuel Adams Irish Red Ale, 2020,5.0
1132,Samuel Adams Irish Red Ale, 2021,3.1
1133,San Miguel, 2002,2.475
1134,San Miguel, 2003,2.2714285714285714
1135,San Miguel, 2004,1.9666666666666668
1136,San Miguel, 2005,1.8909090909090909
1137,San Miguel, 2006,1.6666666666666667
1138,San Miguel, 2007,1.7777777777777777
1139,San Miguel, 2008,1.8611111111111112
1140,San Miguel, 2009,1.9899999999999998
1141,San Miguel, 2010,2.2444444444444445
1142,San Miguel, 2011,2.092857142857143
1143,San Miguel, 2012,1.955
1144,San Miguel, 2013,1.8076923076923077
1145,San Miguel, 2014,1.9833333333333334
1146,San Miguel, 2015,1.9454545454545455
1147,San Miguel, 2016,2.21
1148,San Miguel, 2017,1.9421052631578946
1149,San Miguel, 2018,2.0
1150,San Miguel, 2019,1.875
1151,San Miguel, 2020,2.5
1152,San Miguel, 2021,2.8
1153,San Miguel, 2022,1.9500000000000002
1154,Sapporo Yebisu, 2000,2.9333333333333336
1155,Sapporo Yebisu, 2001,2.9
1156,Sapporo Yebisu, 2002,2.594871794871795
1157,Sapporo Yebisu, 2003,2.248
1158,Sapporo Yebisu, 2004,2.5933333333333333
1159,Sapporo Yebisu, 2005,2.3400000000000003
1160,Sapporo Yebisu, 2006,2.33125
1161,Sapporo Yebisu, 2007,2.25
1162,Sapporo Yebisu, 2008,2.435714285714286
1163,Sapporo Yebisu, 2009,2.5413793103448277
1164,Sapporo Yebisu, 2010,2.29
1165,Sapporo Yebisu, 2011,2.555
1166,Sapporo Yebisu, 2012,2.533333333333333
1167,Sapporo Yebisu, 2013,2.341666666666667
1168,Sapporo Yebisu, 2014,2.6411764705882352
1169,Sapporo Yebisu, 2015,2.4941176470588236
1170,Sapporo Yebisu, 2016,2.38
1171,Sapporo Yebisu, 2017,2.81875
1172,Sapporo Yebisu, 2018,2.625
1173,Sapporo Yebisu, 2019,3.1142857142857143
1174,Sapporo Yebisu, 2020,2.425
1175,Schneider Weisse Tap 05 - Hopfenweisse Weizendoppelbock, 2007,3.7954954954954956
1176,Schneider Weisse Tap 05 - Hopfenweisse Weizendoppelbock, 2008,3.8185365853658535
1177,Schneider Weisse Tap 05 - Hopfenweisse Weizendoppelbock, 2009,3.7797101449275363
1178,Schneider Weisse Tap 05 - Hopfenweisse Weizendoppelbock, 2010,3.7475862068965515
1179,Schneider Weisse Tap 05 - Hopfenweisse Weizendoppelbock, 2011,3.7496062992125982
1180,Schneider Weisse Tap 05 - Hopfenweisse Weizendoppelbock, 2012,3.824647887323944
1181,Schneider Weisse Tap 05 - Hopfenweisse Weizendoppelbock, 2013,3.8190789473684212
1182,Schneider Weisse Tap 05 - Hopfenweisse Weizendoppelbock, 2014,3.8467391304347824
1183,Schneider Weisse Tap 05 - Hopfenweisse Weizendoppelbock, 2015,3.852702702702703
1184,Schneider Weisse Tap 05 - Hopfenweisse Weizendoppelbock, 2016,3.902803738317757
1185,Schneider Weisse Tap 05 - Hopfenweisse Weizendoppelbock, 2017,3.7927083333333336
1186,Schneider Weisse Tap 05 - Hopfenweisse Weizendoppelbock, 2018,3.8899999999999997
1187,Schneider Weisse Tap 05 - Hopfenweisse Weizendoppelbock, 2019,3.878846153846154
1188,Schneider Weisse Tap 05 - Hopfenweisse Weizendoppelbock, 2020,3.841860465116279
1189,Schneider Weisse Tap 05 - Hopfenweisse Weizendoppelbock, 2021,3.988888888888889
1190,Schneider Weisse Tap 05 - Hopfenweisse Weizendoppelbock, 2022,3.9
1191,Somersby Apple Cider, 2008,2.104878048780488
1192,Somersby Apple Cider, 2009,1.9600000000000002
1193,Somersby Apple Cider, 2010,1.6666666666666667
1194,Somersby Apple Cider, 2011,2.142857142857143
1195,Somersby Apple Cider, 2012,2.371739130434783
1196,Somersby Apple Cider, 2013,2.308888888888889
1197,Somersby Apple Cider, 2014,2.145238095238095
1198,Somersby Apple Cider, 2015,2.7066666666666666
1199,Somersby Apple Cider, 2016,2.25
1200,Somersby Apple Cider, 2017,2.435483870967742
1201,Somersby Apple Cider, 2018,2.048148148148148
1202,Somersby Apple Cider, 2019,2.55
1203,Somersby Apple Cider, 2020,2.066666666666667
1204,Somersby Apple Cider, 2021,3.0
1205,Somersby Apple Cider, 2022,2.3
1206,Somersby Pear Cider, 2009,1.6192307692307693
1207,Somersby Pear Cider, 2010,1.6333333333333335
1208,Somersby Pear Cider, 2011,2.025
1209,Somersby Pear Cider, 2012,1.411111111111111
1210,Somersby Pear Cider, 2013,1.8599999999999999
1211,Somersby Pear Cider, 2014,1.85
1212,Somersby Pear Cider, 2015,2.2
1213,Squeeze Malpyo Dark Beer, 2022,3.9
1214,Squeeze Malpyo Green Grape Ale, 2022,2.3
1215,Stella Artois, 2000,2.125
1216,Stella Artois, 2001,3.0674418604651166
1217,Stella Artois, 2002,2.8319148936170215
1218,Stella Artois, 2003,2.6305732484076434
1219,Stella Artois, 2004,2.6475
1220,Stella Artois, 2005,2.480616740088106
1221,Stella Artois, 2006,2.46875
1222,Stella Artois, 2007,2.4921511627906976
1223,Stella Artois, 2008,2.520807453416149
1224,Stella Artois, 2009,2.5450236966824646
1225,Stella Artois, 2010,2.435672514619883
1226,Stella Artois, 2011,2.4015873015873015
1227,Stella Artois, 2012,2.4879518072289155
1228,Stella Artois, 2013,2.464489795918367
1229,Stella Artois, 2014,2.459111111111111
1230,Stella Artois, 2015,2.5300000000000002
1231,Stella Artois, 2016,2.534862385321101
1232,Stella Artois, 2017,2.718018018018018
1233,Stella Artois, 2018,2.691578947368421
1234,Stella Artois, 2019,2.9464285714285716
1235,Stella Artois, 2020,2.5714285714285716
1236,Stella Artois, 2021,2.5749999999999997
1237,Stella Artois, 2022,2.46
1238,Stephans Bräu Hefe-Weizen Naturtrüb, 2011,1.925
1239,Stephans Bräu Hefe-Weizen Naturtrüb, 2012,2.575
1240,Stephans Bräu Hefe-Weizen Naturtrüb, 2013,2.463636363636364
1241,Stephans Bräu Hefe-Weizen Naturtrüb, 2014,2.8666666666666667
1242,Stephans Bräu Hefe-Weizen Naturtrüb, 2015,2.7125
1243,Stephans Bräu Hefe-Weizen Naturtrüb, 2016,2.733333333333333
1244,Stephans Bräu Hefe-Weizen Naturtrüb, 2017,2.33
1245,Stephans Bräu Hefe-Weizen Naturtrüb, 2018,2.76875
1246,Stephans Bräu Hefe-Weizen Naturtrüb, 2019,2.685714285714286
1247,Stephans Bräu Hefe-Weizen Naturtrüb, 2020,2.972727272727273
1248,Stephans Bräu Hefe-Weizen Naturtrüb, 2021,2.775
1249,Stephans Bräu Hefe-Weizen Naturtrüb, 2022,2.45
1250,Stephans Bräu Premium Lager, 2016,2.05
1251,Stephans Bräu Premium Lager, 2017,1.775
1252,Stephans Bräu Premium Lager, 2018,2.1555555555555554
1253,Stephans Bräu Premium Lager, 2019,1.8142857142857143
1254,Stephans Bräu Premium Lager, 2020,2.3428571428571425
1255,Stephans Bräu Premium Lager, 2021,2.35
1256,Stephans Bräu Premium Lager, 2022,1.95
1257,Stephans Bräu Premium Pilsener, 2011,2.316666666666667
1258,Stephans Bräu Premium Pilsener, 2012,1.85
1259,Stephans Bräu Premium Pilsener, 2013,2.075
1260,Stephans Bräu Premium Pilsener, 2014,1.5714285714285714
1261,Stephans Bräu Premium Pilsener, 2015,2.1166666666666667
1262,Stephans Bräu Premium Pilsener, 2016,2.35
1263,Stephans Bräu Premium Pilsener, 2017,2.2
1264,Stephans Bräu Premium Pilsener, 2018,2.0
1265,Stephans Bräu Premium Pilsener, 2019,2.0125
1266,Stephans Bräu Premium Pilsener, 2020,2.3333333333333335
1267,Stephans Bräu Premium Pilsener, 2021,1.8666666666666665
1268,Suntory The Premium Malt's, 2002,2.6999999999999997
1269,Suntory The Premium Malt's, 2003,2.95
1270,Suntory The Premium Malt's, 2004,2.6
1271,Suntory The Premium Malt's, 2005,3.5
1272,Suntory The Premium Malt's, 2006,2.7222222222222223
1273,Suntory The Premium Malt's, 2007,2.8
1274,Suntory The Premium Malt's, 2008,2.966666666666667
1275,Suntory The Premium Malt's, 2009,2.914285714285714
1276,Suntory The Premium Malt's, 2010,2.4375
1277,Suntory The Premium Malt's, 2011,2.5166666666666666
1278,Suntory The Premium Malt's, 2012,2.5894736842105264
1279,Suntory The Premium Malt's, 2013,2.6681818181818184
1280,Suntory The Premium Malt's, 2014,2.58125
1281,Suntory The Premium Malt's, 2015,2.7263157894736842
1282,Suntory The Premium Malt's, 2016,2.66875
1283,Suntory The Premium Malt's, 2017,2.6454545454545455
1284,Suntory The Premium Malt's, 2018,2.6
1285,Suntory The Premium Malt's, 2019,2.314285714285714
1286,Suntory The Premium Malt's, 2020,3.75
1287,Suntory The Premium Malt's, 2021,2.4
1288,Terra, 2019,1.5750000000000002
1289,Terra, 2020,2.1
1290,Terra, 2021,2.146153846153846
1291,Terra, 2022,2.3249999999999997
1292,The Hand and Malt Slow IPA, 2015,3.7
1293,The Hand and Malt Slow IPA, 2016,3.3333333333333335
1294,The Hand and Malt Slow IPA, 2017,3.0
1295,The Hand and Malt Slow IPA, 2018,3.5
1296,The Hand and Malt Slow IPA, 2019,2.95
1297,Tiger Beer, 2000,3.0
1298,Tiger Beer, 2001,3.5200000000000005
1299,Tiger Beer, 2002,2.6093023255813956
1300,Tiger Beer, 2003,2.2767857142857144
1301,Tiger Beer, 2004,2.1348484848484848
1302,Tiger Beer, 2005,2.019230769230769
1303,Tiger Beer, 2006,2.1577981651376144
1304,Tiger Beer, 2007,2.1056
1305,Tiger Beer, 2008,2.055769230769231
1306,Tiger Beer, 2009,1.981730769230769
1307,Tiger Beer, 2010,2.1064102564102565
1308,Tiger Beer, 2011,2.2404761904761905
1309,Tiger Beer, 2012,2.1471014492753624
1310,Tiger Beer, 2013,2.111188811188811
1311,Tiger Beer, 2014,2.125149700598802
1312,Tiger Beer, 2015,2.1219512195121952
1313,Tiger Beer, 2016,2.1402439024390243
1314,Tiger Beer, 2017,2.144
1315,Tiger Beer, 2018,2.2515625
1316,Tiger Beer, 2019,2.2851063829787237
1317,Tiger Beer, 2020,2.28125
1318,Tiger Beer, 2021,2.4454545454545453
1319,Tiger Beer, 2022,2.3
1320,Tiger Radler Lemon, 2014,2.3666666666666667
1321,Tiger Radler Lemon, 2015,1.7666666666666666
1322,Tiger Radler Lemon, 2016,2.1
1323,Tiger Radler Lemon, 2017,2.48
1324,Tiger Radler Lemon, 2018,1.6
1325,Tiger Radler Lemon, 2019,1.5
1326,Tsingtao, 2000,2.075
1327,Tsingtao, 2001,2.2170731707317075
1328,Tsingtao, 2002,2.2016393442622952
1329,Tsingtao, 2003,2.120879120879121
1330,Tsingtao, 2004,2.173394495412844
1331,Tsingtao, 2005,2.0174311926605504
1332,Tsingtao, 2006,2.283333333333333
1333,Tsingtao, 2007,2.1433566433566433
1334,Tsingtao, 2008,1.9931506849315068
1335,Tsingtao, 2009,1.9267241379310345
1336,Tsingtao, 2010,1.8670731707317072
1337,Tsingtao, 2011,2.0110169491525425
1338,Tsingtao, 2012,1.9635838150289016
1339,Tsingtao, 2013,1.8697297297297295
1340,Tsingtao, 2014,2.000574712643678
1341,Tsingtao, 2015,1.9992753623188404
1342,Tsingtao, 2016,1.9813186813186814
1343,Tsingtao, 2017,2.4069767441860463
1344,Tsingtao, 2018,2.167692307692308
1345,Tsingtao, 2019,2.211904761904762
1346,Tsingtao, 2020,1.8461538461538463
1347,Tsingtao, 2021,2.23125
1348,Tsingtao, 2022,2.25
1349,Tsingtao Wheat Beer, 2018,2.946153846153846
1350,Tsingtao Wheat Beer, 2019,2.75
1351,Tsingtao Wheat Beer, 2020,2.642857142857143
1352,Tsingtao Wheat Beer, 2021,2.9
1353,Tsingtao Wheat Beer, 2022,1.3
1354,Victoria Bitter, 2001,2.26
1355,Victoria Bitter, 2002,2.409302325581395
1356,Victoria Bitter, 2003,1.8574074074074074
1357,Victoria Bitter, 2004,1.7125
1358,Victoria Bitter, 2005,1.7352941176470589
1359,Victoria Bitter, 2006,2.0241379310344825
1360,Victoria Bitter, 2007,2.0028571428571427
1361,Victoria Bitter, 2008,1.8259999999999998
1362,Victoria Bitter, 2009,1.66046511627907
1363,Victoria Bitter, 2010,1.9534482758620688
1364,Victoria Bitter, 2011,1.946031746031746
1365,Victoria Bitter, 2012,1.936842105263158
1366,Victoria Bitter, 2013,1.9565217391304348
1367,Victoria Bitter, 2014,2.0470588235294116
1368,Victoria Bitter, 2015,2.052941176470588
1369,Victoria Bitter, 2016,2.5
1370,Victoria Bitter, 2017,2.496
1371,Victoria Bitter, 2018,2.468421052631579
1372,Victoria Bitter, 2019,2.6423076923076922
1373,Victoria Bitter, 2020,1.77
1374,Victoria Bitter, 2021,2.6999999999999997
1375,Victoria Bitter, 2022,1.3
1376,Volfas Engelman Grünberger Hefeweizen, 2018,3.05
1377,Volfas Engelman Grünberger Hefeweizen, 2020,3.1999999999999997
1378,Volfas Engelman Grünberger Hefeweizen, 2021,3.075
1379,Volfas Engelman Grünberger Hefeweizen, 2022,2.7
1380,Warsteiner Premium Verum, 2012,2.7816666666666667
1381,Warsteiner Premium Verum, 2013,2.6783783783783788
1382,Warsteiner Premium Verum, 2014,2.7192546583850934
1383,Warsteiner Premium Verum, 2015,2.6847826086956523
1384,Warsteiner Premium Verum, 2016,2.639795918367347
1385,Warsteiner Premium Verum, 2017,2.676404494382022
1386,Warsteiner Premium Verum, 2018,2.6089285714285713
1387,Warsteiner Premium Verum, 2019,2.86
1388,Warsteiner Premium Verum, 2020,3.018181818181818
1389,Warsteiner Premium Verum, 2021,2.789473684210526
1390,Warsteiner Premium Verum, 2022,3.135294117647059
